{"_runtime":0,"_timestamp":1.782642435037271e+09,"_step":0,"val_f1_score":0.847457627118644,"val_accuracy":0.976,"_wandb":{"runtime":0}}