{"_step":0,"val_f1_score":0.7659574468085106,"_wandb":{"runtime":0},"_runtime":0,"val_accuracy":0.956,"_timestamp":1.782642414052347e+09}