{"_wandb":{"runtime":0},"_runtime":0,"val_accuracy":0.9533333333333334,"_timestamp":1.782642431451712e+09,"_step":0,"val_f1_score":0.7552447552447552}