{"_runtime":1,"final_train_f1":0.881559220389805,"_timestamp":1.782642511847111e+09,"_step":0,"_wandb":{"runtime":1}}