{"val_f1_score":0.8785046728971962,"val_accuracy":0.9826666666666667,"_timestamp":1.7826424491750998e+09,"_wandb":{"runtime":0},"_runtime":0,"_step":0}