{"_runtime":0,"val_f1_score":0.8455284552845529,"val_accuracy":0.9746666666666667,"_timestamp":1.782642441681313e+09,"_step":0,"_wandb":{"runtime":0}}