{"_step":0,"val_f1_score":0.8429752066115702,"val_accuracy":0.9746666666666667,"_runtime":0,"_wandb":{"runtime":0},"_timestamp":1.782642410485559e+09}