{"_wandb":{"runtime":0},"_runtime":0,"_timestamp":1.7826424857819378e+09,"_step":0,"val_f1_score":0.8521739130434782,"val_accuracy":0.9773333333333334}