{"_wandb":{"runtime":0},"_runtime":0,"val_f1_score":0.8034188034188035,"val_accuracy":0.9693333333333334,"_timestamp":1.7826424040856252e+09,"_step":0}