{"_runtime":0,"_wandb":{"runtime":0},"val_accuracy":0.9573333333333334,"_timestamp":1.782642424499603e+09,"_step":0,"val_f1_score":0.7714285714285715}