{"_wandb":{"runtime":0},"_runtime":0,"val_accuracy":0.9773333333333334,"_timestamp":1.7826424384409149e+09,"_step":0,"val_f1_score":0.8521739130434782}