{"val_f1_score":0.8785046728971962,"val_accuracy":0.9826666666666667,"_timestamp":1.782642457385278e+09,"_step":0,"_wandb":{"runtime":0},"_runtime":0}