{"_wandb":{"runtime":0},"_runtime":0,"val_accuracy":0.9546666666666667,"_timestamp":1.782642427962991e+09,"_step":0,"val_f1_score":0.7671232876712328}