{"val_f1_score":0.8521739130434782,"val_accuracy":0.9773333333333334,"_wandb":{"runtime":0},"_runtime":0,"_timestamp":1.782642503192975e+09,"_step":0}