{"_runtime":0,"val_accuracy":0.9773333333333334,"_timestamp":1.7826424720631008e+09,"_step":0,"val_f1_score":0.8521739130434782,"_wandb":{"runtime":0}}