{"_step":0,"val_f1_score":0.8521739130434782,"val_accuracy":0.9773333333333334,"_timestamp":1.782642489213206e+09,"_wandb":{"runtime":0},"_runtime":0}