{"val_f1_score":0.8739495798319328,"val_accuracy":0.98,"_timestamp":1.782642417429743e+09,"_wandb":{"runtime":0},"_runtime":0,"_step":0}