{"val_accuracy":0.9826666666666667,"_wandb":{"runtime":0},"_runtime":0,"_timestamp":1.782642467837163e+09,"_step":0,"val_f1_score":0.8785046728971962}