{"_runtime":0,"val_accuracy":0.936,"_timestamp":1.782642494481344e+09,"_step":0,"val_f1_score":0.7037037037037037,"_wandb":{"runtime":0}}