{"_runtime":0,"_wandb":{"runtime":0},"val_accuracy":0.9826666666666667,"_timestamp":1.7826424524290812e+09,"_step":0,"val_f1_score":0.8785046728971962}