{"_step":0,"val_f1_score":0.847457627118644,"_runtime":0,"_wandb":{"runtime":0},"val_accuracy":0.976,"_timestamp":1.782642461450295e+09}